Ville,Adresse email
Aboen, mairie-daboen@wanadoo.fr
Ailleux, mairie.ailleux@wanadoo.fr
Ambierle, prieure@wanadoo.fr
Amions, mairie.amions@wanadoo.fr
Andrezieux boutheon, communication@andrezieux-boutheon.com
Apinac, mairie.apinac@wanadoo.fr
Arcinges, communearcinges@wanadoo.fr
Arcon, mairiearcon@wanadoo.fr
Arthun, mairie.darthun@wanadoo.fr
Aveizieux, mairie.aveizieux@wanadoo.fr
Balbigny, commune.balbigny@wanadoo.fr
Bard, mairiebard@wanadoo.fr
Bellegarde en forez, mairiebellegarde@wanadoo.fr
Belleroche, mairie.belleroche@wanadoo.fr
Belmont de la loire, mairie@belmontdelaloire.fr
Bessey, mairie.bessey42@orange.fr
Boen, accueil@boen.fr
Boisset les montrond, Mairie.boisset42@wanadoo.fr
Boisset saint priest, mairie.boisset-saint-priest@wanadoo.fr
Bonson, contact@mairie-bonson.fr
Bourg argental, mairie@bourgargental.fr
Boyer, mairie.boyer@wanadoo.fr
Briennon, mairie.briennon@wanadoo.fr
Bully, bully.mairie@wanadoo.fr
Burdignes, ma-burdi@wanadoo.fr